{
  "service": {
    "service": "apiLambda",
    "serviceObject": {
      "name": "apiLambda"
    },
    "provider": {
      "stage": "dev",
      "region": "us-east-1",
      "variableSyntax": "\\${([ ~:a-zA-Z0-9._'\",\\-\\/\\(\\)]+?)}",
      "name": "aws",
      "runtime": "nodejs8.10",
      "versionFunctions": true,
      "remoteFunctionData": null,
      "compiledCloudFormationTemplate": {
        "AWSTemplateFormatVersion": "2010-09-09",
        "Description": "The AWS CloudFormation template for this Serverless application",
        "Resources": {
          "ServerlessDeploymentBucket": {
            "Type": "AWS::S3::Bucket"
          },
          "HelloLogGroup": {
            "Type": "AWS::Logs::LogGroup",
            "Properties": {
              "LogGroupName": "/aws/lambda/apiLambda-dev-hello"
            }
          },
          "IamRoleLambdaExecution": {
            "Type": "AWS::IAM::Role",
            "Properties": {
              "AssumeRolePolicyDocument": {
                "Version": "2012-10-17",
                "Statement": [
                  {
                    "Effect": "Allow",
                    "Principal": {
                      "Service": [
                        "lambda.amazonaws.com"
                      ]
                    },
                    "Action": [
                      "sts:AssumeRole"
                    ]
                  }
                ]
              },
              "Policies": [
                {
                  "PolicyName": {
                    "Fn::Join": [
                      "-",
                      [
                        "dev",
                        "apiLambda",
                        "lambda"
                      ]
                    ]
                  },
                  "PolicyDocument": {
                    "Version": "2012-10-17",
                    "Statement": [
                      {
                        "Effect": "Allow",
                        "Action": [
                          "logs:CreateLogStream"
                        ],
                        "Resource": [
                          {
                            "Fn::Sub": "arn:${AWS::Partition}:logs:${AWS::Region}:${AWS::AccountId}:log-group:/aws/lambda/apiLambda-dev-hello:*"
                          }
                        ]
                      },
                      {
                        "Effect": "Allow",
                        "Action": [
                          "logs:PutLogEvents"
                        ],
                        "Resource": [
                          {
                            "Fn::Sub": "arn:${AWS::Partition}:logs:${AWS::Region}:${AWS::AccountId}:log-group:/aws/lambda/apiLambda-dev-hello:*:*"
                          }
                        ]
                      }
                    ]
                  }
                }
              ],
              "Path": "/",
              "RoleName": {
                "Fn::Join": [
                  "-",
                  [
                    "apiLambda",
                    "dev",
                    "us-east-1",
                    "lambdaRole"
                  ]
                ]
              }
            }
          },
          "HelloLambdaFunction": {
            "Type": "AWS::Lambda::Function",
            "Properties": {
              "Code": {
                "S3Bucket": {
                  "Ref": "ServerlessDeploymentBucket"
                },
                "S3Key": "serverless/apiLambda/dev/1537065729222-2018-09-16T02:42:09.222Z/apiLambda.zip"
              },
              "FunctionName": "apiLambda-dev-hello",
              "Handler": "handler.hello",
              "MemorySize": 1024,
              "Role": {
                "Fn::GetAtt": [
                  "IamRoleLambdaExecution",
                  "Arn"
                ]
              },
              "Runtime": "nodejs8.10",
              "Timeout": 6
            },
            "DependsOn": [
              "HelloLogGroup",
              "IamRoleLambdaExecution"
            ]
          },
          "HelloLambdaVersionHsZ1NOCUwadwTOZPxZ3iNH52wL35SXzrRWtmuHMSjA": {
            "Type": "AWS::Lambda::Version",
            "DeletionPolicy": "Retain",
            "Properties": {
              "FunctionName": {
                "Ref": "HelloLambdaFunction"
              },
              "CodeSha256": "o8rJyhBMr955vFBc800EF5lho9pM4WIOjAuNlSLD3IE="
            }
          }
        },
        "Outputs": {
          "ServerlessDeploymentBucketName": {
            "Value": {
              "Ref": "ServerlessDeploymentBucket"
            }
          },
          "HelloLambdaFunctionQualifiedArn": {
            "Description": "Current Lambda function version",
            "Value": {
              "Ref": "HelloLambdaVersionHsZ1NOCUwadwTOZPxZ3iNH52wL35SXzrRWtmuHMSjA"
            }
          }
        }
      },
      "coreCloudFormationTemplate": {
        "AWSTemplateFormatVersion": "2010-09-09",
        "Description": "The AWS CloudFormation template for this Serverless application",
        "Resources": {
          "ServerlessDeploymentBucket": {
            "Type": "AWS::S3::Bucket"
          }
        },
        "Outputs": {
          "ServerlessDeploymentBucketName": {
            "Value": {
              "Ref": "ServerlessDeploymentBucket"
            }
          }
        }
      },
      "vpc": {}
    },
    "pluginsData": {},
    "functions": {
      "hello": {
        "handler": "handler.hello",
        "events": [],
        "name": "apiLambda-dev-hello",
        "package": {},
        "memory": 1024,
        "timeout": 6,
        "runtime": "nodejs8.10",
        "vpc": {}
      }
    },
    "artifact": "C:\\Users\\carta\\voiceDrop\\VoiceDrop\\VoiceDropBackEnd\\apiLambda\\.serverless\\apiLambda.zip"
  },
  "package": {
    "artifactDirectoryName": "serverless/apiLambda/dev/1537065729222-2018-09-16T02:42:09.222Z",
    "artifact": "apiLambda.zip"
  }
}